WKT,Layer,Provinsi,Nama,Jenis,Alamat,Latitude,Longitude
"POINT (109.6144688 -7.3779326)",Jawa Tengah,Jawa Tengah,Kabupaten Banjarnegara,Kabupaten,Kabupaten Banjarnegara, Jawa Tengah, Indonesia,-7.3779326,109.6144688
"POINT (109.1407361 -7.4817467)",Jawa Tengah,Jawa Tengah,Kabupaten Banyumas,Kabupaten,Kabupaten Banyumas, Jawa Tengah, Indonesia,-7.4817467,109.1407361
"POINT (109.7983767 -7.0309178)",Jawa Tengah,Jawa Tengah,Kabupaten Batang,Kabupaten,Kabupaten Batang, Jawa Tengah, Indonesia,-7.0309178,109.7983767
"POINT (111.377428 -7.0122679)",Jawa Tengah,Jawa Tengah,Kabupaten Blora,Kabupaten,Kabupaten Blora, Jawa Tengah, Indonesia,-7.0122679,111.377428
"POINT (110.6892643 -7.4292349)",Jawa Tengah,Jawa Tengah,Kabupaten Boyolali,Kabupaten,Kabupaten Boyolali, Jawa Tengah, Indonesia,-7.4292349,110.6892643
"POINT (108.9038695 -6.9586712)",Jawa Tengah,Jawa Tengah,Kabupaten Brebes,Kabupaten,Kabupaten Brebes, Jawa Tengah, Indonesia,-6.9586712,108.9038695
"POINT (109.0233463 -7.6983669)",Jawa Tengah,Jawa Tengah,Kabupaten Cilacap,Kabupaten,Kabupaten Cilacap, Jawa Tengah, Indonesia,-7.6983669,109.0233463
"POINT (110.661973 -6.9254484)",Jawa Tengah,Jawa Tengah,Kabupaten Demak,Kabupaten,Kabupaten Demak, Jawa Tengah, Indonesia,-6.9254484,110.661973
"POINT (110.9502131 -7.1545106)",Jawa Tengah,Jawa Tengah,Kabupaten Grobogan,Kabupaten,Kabupaten Grobogan, Jawa Tengah, Indonesia,-7.1545106,110.9502131
"POINT (110.6754932 -6.581814)",Jawa Tengah,Jawa Tengah,Kabupaten Jepara,Kabupaten,Kabupaten Jepara, Jawa Tengah, Indonesia,-6.581814,110.6754932
"POINT (111.0461308 -7.6408372)",Jawa Tengah,Jawa Tengah,Kabupaten Karanganyar,Kabupaten,Kabupaten Karanganyar, Jawa Tengah, Indonesia,-7.6408372,111.0461308
"POINT (109.65 -7.6659167)",Jawa Tengah,Jawa Tengah,Kabupaten Kebumen,Kabupaten,Kabupaten Kebumen, Jawa Tengah, Indonesia,-7.6659167,109.65
"POINT (110.1862663 -7.0263302)",Jawa Tengah,Jawa Tengah,Kabupaten Kendal,Kabupaten,Kabupaten Kendal, Jawa Tengah, Indonesia,-7.0263302,110.1862663
"POINT (110.6638579 -7.6571279)",Jawa Tengah,Jawa Tengah,Kabupaten Klaten,Kabupaten,Kabupaten Klaten, Jawa Tengah, Indonesia,-7.6571279,110.6638579
"POINT (110.8811984 -6.7709068)",Jawa Tengah,Jawa Tengah,Kabupaten Kudus,Kabupaten,Kabupaten Kudus, Jawa Tengah, Indonesia,-6.7709068,110.8811984
"POINT (110.2831709 -7.4273597)",Jawa Tengah,Jawa Tengah,Kabupaten Magelang,Kabupaten,Kabupaten Magelang, Jawa Tengah, Indonesia,-7.4273597,110.2831709
"POINT (111.0441199 -6.7459085)",Jawa Tengah,Jawa Tengah,Kabupaten Pati,Kabupaten,Kabupaten Pati, Jawa Tengah, Indonesia,-6.7459085,111.0441199
"POINT (109.6162671 -7.051363)",Jawa Tengah,Jawa Tengah,Kabupaten Pekalongan,Kabupaten,Kabupaten Pekalongan, Jawa Tengah, Indonesia,-7.051363,109.6162671
"POINT (109.4260926 -7.0613487)",Jawa Tengah,Jawa Tengah,Kabupaten Pemalang,Kabupaten,Kabupaten Pemalang, Jawa Tengah, Indonesia,-7.0613487,109.4260926
"POINT (109.4259179 -7.3041889)",Jawa Tengah,Jawa Tengah,Kabupaten Purbalingga,Kabupaten,Kabupaten Purbalingga, Jawa Tengah, Indonesia,-7.3041889,109.4259179
"POINT (109.9990135 -7.69639)",Jawa Tengah,Jawa Tengah,Kabupaten Purworejo,Kabupaten,Kabupaten Purworejo, Jawa Tengah, Indonesia,-7.69639,109.9990135
"POINT (111.4265172 -6.8068286)",Jawa Tengah,Jawa Tengah,Kabupaten Rembang,Kabupaten,Kabupaten Rembang, Jawa Tengah, Indonesia,-6.8068286,111.4265172
"POINT (110.4733461 -7.1772535)",Jawa Tengah,Jawa Tengah,Kabupaten Semarang,Kabupaten,Kabupaten Semarang, Jawa Tengah, Indonesia,-7.1772535,110.4733461
"POINT (111.008327 -7.43)",Jawa Tengah,Jawa Tengah,Kabupaten Sragen,Kabupaten,Kabupaten Sragen, Jawa Tengah, Indonesia,-7.43,111.008327
"POINT (110.8544195 -7.6473346)",Jawa Tengah,Jawa Tengah,Kabupaten Sukoharjo,Kabupaten,Kabupaten Sukoharjo, Jawa Tengah, Indonesia,-7.6473346,110.8544195
"POINT (109.1390137 -6.9890949)",Jawa Tengah,Jawa Tengah,Kabupaten Tegal,Kabupaten,Kabupaten Tegal, Jawa Tengah, Indonesia,-6.9890949,109.1390137
"POINT (110.0889754 -7.2764086)",Jawa Tengah,Jawa Tengah,Kabupaten Temanggung,Kabupaten,Kabupaten Temanggung, Jawa Tengah, Indonesia,-7.2764086,110.0889754
"POINT (111.0449709 -7.8853045)",Jawa Tengah,Jawa Tengah,Kabupaten Wonogiri,Kabupaten,Kabupaten Wonogiri, Jawa Tengah, Indonesia,-7.8853045,111.0449709
"POINT (109.9 -7.36)",Jawa Tengah,Jawa Tengah,Kabupaten Wonosobo,Kabupaten,Kabupaten Wonosobo, Jawa Tengah, Indonesia,-7.36,109.9
"POINT (110.2177 -7.4797)",Jawa Tengah,Jawa Tengah,Kota Magelang,Kota,Kota Magelang, Jawa Tengah, Indonesia,-7.4797,110.2177
"POINT (109.6749567 -6.8892817)",Jawa Tengah,Jawa Tengah,Kota Pekalongan,Kota,Kota Pekalongan, Jawa Tengah, Indonesia,-6.8892817,109.6749567
"POINT (110.5084 -7.3305)",Jawa Tengah,Jawa Tengah,Kota Salatiga,Kota,Kota Salatiga, Jawa Tengah, Indonesia,-7.3305,110.5084
"POINT (110.4093136 -6.9836581)",Jawa Tengah,Jawa Tengah,Kota Semarang,Kota,Kota Semarang, Jawa Tengah, Indonesia,-6.9836581,110.4093136
"POINT (110.8243 -7.5755)",Jawa Tengah,Jawa Tengah,Kota Surakarta,Kota,Kota Surakarta, Jawa Tengah, Indonesia,-7.5755,110.8243
"POINT (109.1256 -6.8797)",Jawa Tengah,Jawa Tengah,Kota Tegal,Kota,Kota Tegal, Jawa Tengah, Indonesia,-6.8797,109.1256
